<?xml version="1.0" encoding="utf-8"?>
<extension type="component" version="3.0" method="upgrade">

	<name>Hello World!</name>
	<!-- The following elements are optional and free of formatting constraints -->
	<creationDate>January 2018</creationDate>
	<author>John Doe</author>
	<authorEmail>john.doe@example.org</authorEmail>
	<authorUrl>http://www.example.org</authorUrl>
	<copyright>Copyright Info</copyright>
	<license>License Info</license>
	<!--  The version string is recorded in the components table -->
	<version>0.0.3</version>
	<!-- The description is optional and defaults to the name -->
	<description>Description of the Hello World component ...</description>

	
	<files folder="site">
		<filename>index.html</filename>
		<filename>helloworld.php</filename>
		<filename>controller.php</filename>
		<folder>views</folder>
	</files>

	<administration>
		<!-- Administration Menu Section -->
		<menu link='index.php?option=com_helloworld'>Hello World!</menu>
		
		<files folder="admin">
			<!-- Admin Main File Copy Section -->
			<filename>index.html</filename>
			<filename>helloworld.php</filename>
			
		</files>
	</administration>

</extension>