<?xml version="1.0" encoding="utf-8"?>

<extension type="component" version="3.0" method="upgrade">

	<name>mycomp</name>
	<author>Sourabh Bute</author>
	<version>1.0.0</version>
    <description>This is my first component</description>


    <files folder="site">
      <!--   <folder>com_mycomp</folder> -->
        <filename>index.html</filename>
        <filename>mycomp.php</filename>
        <filename>default.xml</filename>
        
    </files>

    <administration>
        <!-- Administration Menu Section -->
           <menu>mycom</menu>
        
        <files folder="admin">
            <!-- Admin Main File Copy Section -->

           <!--  <folder>com_mycomp</folder> -->
            <filename>index.html</filename>
            <filename>mycomp.php</filename>
            
        </files>
    </administration>


</extension>